[
  {
    "id": "br1",
    "name": "대천해수욕장",
    "category": "attraction",
    "region": "충청남도",
    "lat": 36.3288,
    "lng": 126.5215,
    "rating": 4.5,
    "tags": [
      "해변",
      "산책"
    ],
    "description": "서해안 대표 해수욕장. 야간 산책과 포토스팟이 많다."
  },
  {
    "id": "br2",
    "name": "보령머드축제(샘플)",
    "category": "festival",
    "region": "충청남도",
    "lat": 36.323,
    "lng": 126.509,
    "rating": 4.6,
    "tags": [
      "축제",
      "여름"
    ],
    "description": "머드 체험과 공연이 있는 여름 대표 축제(예시 데이터)."
  },
  {
    "id": "br3",
    "name": "해풍횟집",
    "category": "eat",
    "region": "충청남도",
    "lat": 36.3298,
    "lng": 126.5205,
    "rating": 4.4,
    "tags": [
      "해산물",
      "회"
    ],
    "description": "신선한 모둠회로 인기인 현지 맛집."
  },
  {
    "id": "ta1",
    "name": "꽃지해수욕장",
    "category": "attraction",
    "region": "충청남도",
    "lat": 36.5533,
    "lng": 126.3271,
    "rating": 4.6,
    "tags": [
      "일몰",
      "포토스팟"
    ],
    "description": "할미·할아비바위 일몰 명소."
  },
  {
    "id": "ta2",
    "name": "태안 세계튤립공원(샘플)",
    "category": "festival",
    "region": "충청남도",
    "lat": 36.732,
    "lng": 126.28,
    "rating": 4.3,
    "tags": [
      "튤립",
      "축제"
    ],
    "description": "봄철 튤립 축제(예시 데이터)."
  },
  {
    "id": "ta3",
    "name": "안면도 바람카페",
    "category": "cafe",
    "region": "충청남도",
    "lat": 36.512,
    "lng": 126.321,
    "rating": 4.2,
    "tags": [
      "오션뷰",
      "디저트"
    ],
    "description": "바다 전망 디저트 카페."
  },
  {
    "id": "as1",
    "name": "아산 은행나무길",
    "category": "attraction",
    "region": "충청남도",
    "lat": 36.789,
    "lng": 127.006,
    "rating": 4.5,
    "tags": [
      "산책",
      "가을"
    ],
    "description": "가을 단풍 산책로로 유명."
  },
  {
    "id": "as2",
    "name": "온양온천시장",
    "category": "attraction",
    "region": "충청남도",
    "lat": 36.78,
    "lng": 127.003,
    "rating": 4.3,
    "tags": [
      "시장",
      "먹거리"
    ],
    "description": "분식과 전통 먹거리가 풍부한 재래시장."
  },
  {
    "id": "as3",
    "name": "온양해장국 본가",
    "category": "eat",
    "region": "충청남도",
    "lat": 36.78,
    "lng": 127.0,
    "rating": 4.4,
    "tags": [
      "해장국",
      "한식"
    ],
    "description": "진한 국물의 해장국 전문."
  },
  {
    "id": "by1",
    "name": "백제문화단지",
    "category": "attraction",
    "region": "충청남도",
    "lat": 36.274,
    "lng": 126.912,
    "rating": 4.6,
    "tags": [
      "역사",
      "체험"
    ],
    "description": "백제 문화유산 테마 단지."
  },
  {
    "id": "by2",
    "name": "부여 서동연꽃축제(샘플)",
    "category": "festival",
    "region": "충청남도",
    "lat": 36.274,
    "lng": 126.912,
    "rating": 4.2,
    "tags": [
      "연꽃",
      "축제"
    ],
    "description": "여름 연꽃 축제(예시 데이터)."
  },
  {
    "id": "by3",
    "name": "부여 불고기집",
    "category": "eat",
    "region": "충청남도",
    "lat": 36.275,
    "lng": 126.914,
    "rating": 4.3,
    "tags": [
      "불고기",
      "한식"
    ],
    "description": "달짝지근한 백제식 불고기."
  }
]