[
  {
    "id": "br1",
    "name": "대천해수욕장",
    "category": "attraction",
    "region": "충청남도",
    "lat": 36.3288,
    "lng": 126.5215,
    "rating": 4.5,
    "tags": [
      "해변",
      "산책"
    ],
    "description": "서해안 대표 해수욕장. 야간 산책과 포토스팟이 많다."
  },
  {
    "id": "br2",
    "name": "보령머드축제(샘플)",
    "category": "festival",
    "region": "충청남도",
    "lat": 36.323,
    "lng": 126.509,
    "rating": 4.6,
    "tags": [
      "축제",
      "여름"
    ],
    "description": "머드 체험과 공연이 있는 여름 대표 축제(예시 데이터)."
  },
  {
    "id": "br3",
    "name": "해풍횟집",
    "category": "eat",
    "region": "충청남도",
    "lat": 36.3298,
    "lng": 126.5205,
    "rating": 4.4,
    "tags": [
      "해산물",
      "회"
    ],
    "description": "신선한 모둠회로 인기인 현지 맛집."
  }
]